Aarewasser,2
Abbaye de Belloc,3
Abbotâ€™s Gold,9
Abondance,11
Acorn,15
ADL Brick Cheese,0
ADL Mild Cheddar,1
Aged British Cheddar,20
Aged Cashew & Brazil Nut Cheese,22
Aged Cashew & Dulse Cheese,23
Aged Cashew & Hemp Seed Cheese,24
Aged Cashew Nut & Kale Cheese,25
Aged Cashew Nut Cheese,26
Aggiano,30
Ailsa Craig,31
Airedale,32
Alex James Co. No 1 Cheddar,34
Alex James Co. No 4 Goats',36
Alisia-Victoria,38
Allgauer Emmentaler,39
Alma Vorarlberger AlpkÃ¤se (3-5 months),41
Alma Vorarlberger AlpkÃ¤se (6-9 months),42
Alma Vorarlberger BergkÃ¤se (10 months),43
Alma Vorarlberger BergkÃ¤se (12 months),44
Alma Vorarlberger BergkÃ¤se (6 months),45
AlmnÃ¤s Tegel,46
Alpe di Frabosa,47
Alpha Tolman,48
AlpicrÃ¨me,49
Alps Rebel,52
American Cheese,59
Amish Frolic,61
Amul Processed Cheese,68
Anari,69
Anniversary Ale Cheddar,72
Anster,73
Appenzeller,78
Apple Walnut Smoked,79
Appleby's Double Gloucester,80
Applewood,81
Ardsallagh Hard Goat's Cheese,85
Ardsallagh Smoked Cheese,86
Armenian String Cheese,87
Aromes au Gene de Marc,88
Aubisque Pyrenees,96
Auld Lochnagar,97
Austrian Alps cheese,100
Autun,101
Avonlea Clothbound Cheddar,103
Babybel,107
Baguette Laonnaise,109
Balaton,112
Baluchon,114
Barber's 1833,118
Barely Buzzed,121
Barry's Bay Cheddar,130
Batzos,141
Bavarian Bergkase,143
Baylough,145
Beaufort,147
Beaumont,148
Beauvoorde,150
Bega Processed Cheddar,158
Bergues,166
Bermondsey Hard Pressed,168
Bethmale des Pyrenees,170
Big John's Cajun,178
Bijou,181
Bismark,183
Black Bomber Cheddar,186
Black Pearl,187
Blaenafon Pwll Ddu,189
Blenda,191
Blissful Blocks,199
Blue Ledge La Luna,210
Boivin Extra Aged Cheddar,222
Boivin Marbled Cheddar,223
Boivin Medium Cheddar,224
Bootlegger,229
Bothwell Black Truffle Cheddar,232
Bouncing Berry,236
Braudostur,243
Breakfast Cheese,244
Brightwell Ash,262
Broncha,273
Buff Blue,288
Burgos,289
Burwood Bole,292
Butte,293
Butterkase,294
Butternut,298
Cabecou Feuille D'Armagnac,302
Cachaille,306
Caciotta,316
Cacow Belle,317
Caerphilly,318
Cahill's Irish Porter Cheddar,319
Cairnsmore,321
Camembert,326
Camembert Calvados,327
Canadian Cheddar,333
Canastra cheese,335
Cantal,338
Cape Vessey,340
Caprano,343
Capriago,347
Caprotto,353
Carabiner,354
Carlow,358
Carnia Altobut,360
Carrick,364
Carrot Rebel,365
Castelo Branco,371
Castigliano,372
Cave Rebel,379
Cello Thick & Smooth Mascarpone,384
Celtic Promise,385
Cerney Pyramid,387
Chabichou du Poitou,388
Chabis de Gatine,389
Challerhocker,390
Checkerboard Cheddar,399
Cheddar,400
Cheddar LaDiDa Lavender,401
Cheddar with Irish Porter,402
Cheddar with Red Wine,403
Cheese Curds,404
Cheshire,407
Chevre Log,408
Childwickbury,412
Chilli Caciotta,414
Chocolate Lab,417
Chocolate Stout Cheddar,418
ChÃ¨vre,423
ChÃ¨vre des neiges,424
Coalho,434
Coastal Cheddar,435
Colby,438
Colony cheese,441
Comte 12 months,445
Comte 18 months,446
Conciato Al Pepe,448
Connemara,450
Coolattin Cheddar,452
Cornish Blue,457
Cornish Crumbly,458
Cornish Smuggler,459
Cornish Wild Garlic Yarg,460
Cotherstone,463
Cougar Gold,468
Country Morning,470
Coverdale,471
Cracked Pepper Chevre,473
Cream Cheese,479
Creamy Lancashire,482
Criollo Cheese,492
Crowley,498
Crucolo,500
Crumbly Lancashire,501
L'Amuse Brabander Goat Gouda,511
La Couronne - Fort Aged ComtÃ©,519
LaClare Farms Chandoka,530
LaClare Farms Cheddar,531
LaClare Farms Raw Goats Milk Cheddar,537
Laguiole,543
Lairobell,544
Lajta,545
Lake District Extra Mature Cheddar,546
Lake District Mature Cheddar,547
Lancashire Smoked,551
Landaff,552
Latteria Navel,557
Laura Chenel Tome,560
Lavistown,562
Le Conquerant Camembert,567
Le Fium Orbo,571
Le GruyÃ¨re AOP,572
Le Marquis Chevre,574
Le MarÃ©chal,575
Le Moutier,576
Le St-Raymond,578
Liburnski Sir,588
Liliputas,590
Lincolnshire Poacher,593
Lingot Saint Bousquet d'Orb,596
Liptauer,597
Little Colonel,599
Little Napoleon,601
Llanboidy,605
Llanglofan Farmhouse,606
Loch Arthur Farmhouse,609
Loddiswell Avondale,610
Longhorn,612
Lou Palou,616
Lunetta,618
Lyburn Garlic and Nettle,619
Lyburn Lightly Oak Smoked,621
Macadamia Nut Cheese,624
Maffra Aged Rinded Cheddar,627
Maffra Cheshire,628
Maffra Dargo Walnut,629
Maffra Mature Cheddar,630
Maffra Peppercorn Cheddar,631
Maffra Sage Derby,633
Maffra Wensleydale,634
MahÃ³n,637
Maida Vale,638
Maisie's Kebbuck,639
Mamirolle,642
Mandolin,644
Mango Rebel,645
Manon,646
Manur,648
Marble Cheddar,649
Marco Polo,651
Maribo,654
Martha's Heat,658
Mascarpone,660
Mature Wensleydale,663
Melville,670
Menallack Farmhouse,672
Menonita,673
Merry Wyfe,680
Mersey Valley Original Vintage,681
Mettowee,683
MezzaLuna Fontina,685
Mi-Ewe,686
Mimolette (Boule de Lille),698
Minas cheese,699
Mladi Trapist,705
Molbo,707
Montasio,716
Monteo,721
Montgomery's Cheddar,722
Morgan,730
Morimoto Soba Ale Cheddar,731
Mossfield Organic,735
Mountain Goat,739
Mountain Herbs Rebel,740
Mountain Rebel,741
Mountaineer,742
Mouse House Garlic & Chive Cheddar,744
Mouse House Smoked Cheddar,745
Ms. Natural,750
Mt Scott,751
Mt. Mazama Cheddar,753
Muddlewell,754
Munster,758
Pacific Rock,766
Paesanella Buffalo Ricotta,770
Paesanella Dry Ricotta,773
Paesanella Fresco,774
Paesanella Fresh Ricotta,775
Pant ys Gawn,784
Paprika Rebel,785
Pas de l'Escalette,788
Pate de Fromage,791
Patefine Fort,792
Peau Rouge,796
Pembrokeshire Extra Mature Cheddar,834
Pepper Rebel,842
Perl Wen,845
Petit Blaja,848
Petit Pardou,849
Petite Swiss,851
Picodon de Chevre,860
Pinconning,867
Piora,868
Pistol Point Cheddar,870
Pitchfork Cheddar,871
Plymouth Cheese,877
Poivre d'Ane,882
Pokolbin,883
Pong's Extraordinary... Cheddar,885
Port-Salut,888
Postel,889
Prairie Breeze Cheddar,892
Prastost,895
President Madrigal,899
Prince-Jean,906
Promontory,910
Provolone,914
PsycheDillic,919
Purple Haze,921
Purple's a Must,922
Pyengana Cheddar,923
Saaland Pfarr,926
Sage Derby,929
Salers,941
Salsa Asiago,942
Samso,944
Sap Sago,952
Sartori Limited Edition Cannella BellaVitano,961
Sartori Limited Edition Cognac BellaVitano,962
Sartori Limited Edition Extra-Aged Goat,963
Sartori Limited Edition Pastorale Blend,965
Sartori Reserve Balsamic BellaVitano,966
Sartori Reserve Basil & Olive Oil Asiago,967
Sartori Reserve BellaVitano Gold,968
Sartori Reserve Black Pepper BellaVitano,969
Sartori Reserve Espresso BellaVitano,973
Sartori Reserve Extra Aged Fontina,974
Sartori Reserve Extra-Aged Asiago,975
Sartori Reserve Merlot BellaVitano,976
Sartori Reserve Raspberry BellaVitano,977
Sartori Reserve Rosemary & Olive Oil Asiago,978
Sbrinz,980
Scotch Bonnet Cheddar,985
Seahive,987
Seascape,988
Seriously Strong Cheddar,994
Sharon Hollow Garlic and Chive,1000
Sharp Cheddar,1001
Sharpham Rustic,1004
Sharpham Rustic Chive & Garlic,1005
Shelburne Cheddar,1008
Ships Wheel Brie,1013
Shorrock's Lancashire Bomb,1015
Shropshire Blue,1017
Shtayburne Farm Cheddar,1018
Slices Of Bliss,1025
Smoked Lincolnshire Poacher,1028
Smoked Sulguni,1029
Smokey Touvelle,1033
Somerset Organic Cheddar,1037
Sparkenhoe Red Leicester,1043
St Andrews Farmhouse Cheddar,1047
St Cera,1048
Staffordshire Organic,1062
Stella Fontinella,1069
Sulguni,1090
Abbaye de Citeaux,5
Abbaye du Mont des Cats,8
Abertam,10
Adelost,16
Aged Cashew & Blue Green Algae Cheese,21
Alex James Co. No 2 Blue Monday,35
Alex James Co. No 5 Grunge,37
Amablu Blue cheese,55
Ameribella,58
Ami du Chambertin,60
Amou,62
Amul Cheese Spread,64
Anthotyro,74
Applewood Smoked Chevre,82
Ardrahan,84
ArÃ¥dalen,89
Asher Blue,91
Asiago Pressato DOP,93
Aura,99
Barberey,119
Barden Blue,120
Barlocco,123
Baron Bigod,124
Baron Bigod Baby Truffle,125
Bartlett,131
Basajo,132
Basils Original RauchkÃ¤se,134
Baskeriu,135
Bath Blue,139
Bavaria blu,142
Bayley Hazen Blue,144
Beauvale,149
Beenleigh Blue,157
Bergere Bleue,165
Beyaz Peynir,173
Bica de Queijo,176
Big Rock Blue,179
Big Woods Blue,180
Blacksticks Blue,188
Bleu BÃ©nÃ©dictin,192
Bleu d'Auvergne,196
Bleu de Laqueuille,197
Bleu Des Causses,193
Bleu L'Ermite,194
Bleubry,198
Blu '61,201
Blu Della Casera,202
Blu di Bufala,203
Blue,204
Blue Castello,206
Blue Cheese,207
Blue Clouds,208
Blue Lupine,211
Blue Rathgore,212
Blue Vein (Australian),213
Blue Wensleydale,214
Blue Yonder,215
Bluebell,216
Bluebell Falls Cygnus,217
Bocconcini,219
Bohemian Blue,221
Bonchester,225
Bonifaz,226
Bonne Bouche,227
Bossa,230
Boulder Chevre,234
Boulette d'Avesnes,235
Boursin,238
Brebis d'Azure,246
Brebis du Puyfaucon,248
Bresse Bleu,250
Brewer's Gold,251
Brillo di Treviso,264
Brin,266
Brinza - Feta style,268
Brixton Blue,271
Brocciu,272
Brunost,277
Brusselae Kaas (Fromage de Bruxelles),278
Brutal Blue,279
BrÃ¢nzÄƒ de Burduf,280
Buchette de Manon,284
Bufalino,286
Burwash Rose,291
Buttermilk Blue,295
Buttermilk Blue Affinee,296
Buttermilk Gorgonzola,297
Caboc,303
Cabrales,305
Cacio De RomaÂ®,307
Cacio di Bosco al Tartufo,308
Caciobirraio,310
Cacioradicchio,315
Calenzana (Calinzanincu),323
cambazola,1099
Cambozola Grand Noir,324
Cambus oâ€™May,325
Campi,331
Cancoillotte (Cancoyotte),336
Cap Cressy,339
Capra al Pepe,342
Capra Nouveau,341
Caprese di Bufala,345
Capri Blu,346
Caprice,348
Capriny,351
Caronzola,361
Carr Valley Glacier Wildfire Blue,362
Cashel Blue,368
Castelmagno,370
Casu marzu,375
Cathelain,376
Catupiry,377
Caveman Blue,380
Cayuga Blue,383
Champignon de Luxe Garlic,392
Champignon de Luxe Pepper,393
Champignon Mushrooom,391
Chaource,394
Charolais,396
Chelsea Blue,405
Cherni Vit,406
Chevre en Marinade,409
Chevrotin des Aravis,410
Chile Jack,413
Chiriboga Blue,416
Chorlton Blue Cheshire,420
Cilentano ai fichi,425
Classic Blue Log,429
Coeur de Chevre,437
Cold Pack,439
Colston Bassett Stilton,442
Condio,449
Coquetdale,455
Cote Hill Blue,461
Cote Hill Snowdrop,462
Cotswold,465
Counting Sheepâ€¦and Goats...,469
Crayeux de Roncq,477
Creamy Gouda,481
Crema de Blue,485
Cremont,488
CreNoble,478
Crescenza di Bufala,489
Cressy Blu,490
Croghan,493
Crozier,499
CrÃ©MontÃ©,502
Cuajada,503
Cubetto,504
Cup Cheese,506
Curworthy,508
L'Aveyronnais,513
L'Empereur,515
La Peral,521
La Retorta,523
La Serena,526
LaClare Ziege Zacke Blue,538
Lanark Blue,549
Laruns,556
Latteria San Biagio,558
Laura Chenel's Cabecou,561
Le Brin,564
Le Chevrot,566
Lil Moo,589
Limburger,591
Lindy Hop,595
Little Ypsi,603
Livarot,604
Lo Speziato,608
Lord of the Hundreds,613
Lou Bergier Pichin,615
Lyburn's Winchester,622
Madrona,626
Maffra Red Leicester,632
Magna,636
Majorero,640
Maredsous,652
Margot,653
Marisa,656
Matocq,662
May Hill Green,664
Maytag Blue,665
Meredith Blue,675
Midnight Blue,687
Mihalic Peynir,690
Milawa Blue,691
Milawa White,694
MilbenkÃ¤se,695
Mine-Gabhar,700
Mistralou,704
Mobay,706
Monastery Cheeses,709
Mondseer,710
Mont D'or,712
Montagnolo,715
Monte Enebro,720
Montsalvat,723
Moody Blue,724
Moose,727
Morbier,728
Mothais a la Feuille,736
Muenster,755
Muffato,756
Mun-chee,757
Muranda Blue,759
Murol,761
Myzithra,763
Pannerone,782
Panquehue,783
Passendale,789
Pave de Chirac,793
Pembrokeshire Mature Cheddar,835
Pencarreg,838
Pepper Jack,841
Perl Las Blue,844
Picos de Europa,862
Pied-de-vent,863
Pigouille,865
Pimento,866
Point Reyes Bay Blue,879
Point Reyes Original Blue,880
Point Reyes Toma,881
Pompeii,884
Port Nicholson,887
Pouligny-Saint-Pierre,890
Processed Cheese,908
Providence,912
Pyramide,924
Saint Agur,930
Saint Felicien,933
Saint Marcellin,934
Saint Rose,936
Sainte-Maure de Touraine AOC,937
Salemville Amish Blue,938
Salemville Amish Gorgonzola,939
Salemville Smokehaus Blue,940
San Geronimo,946
San SimÃ³n DOP,947
Santa Gadea,950
Sartori Classic Cheese Fontina,957
Sartori Reserve Cheese Mediterranean Fontina,971
Sartori Reserve Dolcina Gorgonzola,972
Schloss,984
Sea Change,986
Seator's Orkney,990
Serra da Estrela DOP,995
Shaker Blue,997
Sharpham Savour,1006
Shepherd's Hope,1010
Sinodun Hill,1022
Smokey JalapeÃ±o,1030
Smokey Mountain Round,1031
Smokey Oregon Blue,1032
Sofia,1035
Somerset Brie,1036
Sosha,1039
Soumaintrain,1041
Speziato,1045
Squaquerone di Bufala,1046
St Jude,1052
St Mang Original AllgÃ¤uer Limburger,1054
St Tola Log,1061
Stawley,1063
Stella Blue,1066
Stella Fontina,1068
Stella Gorgonzola,1071
Stella Italian Sharp,1072
Stella Reduced Fat Blue,1076
Stella Smoked Blue,1077
Sternschnuppe,1079
Stichelton,1080
Stickney Hill Chevre,1081
Stilton,1082
Stinking Bishop,1083
Strathdon Blue,1086
Strawberry Moon,1087
Sun Dried Tomato and Basil Cashew Cheese,1091
Sunlight,1092
Sussex Slipcote,1094
Sveciaost,1095
LeonoraÂ®,585
Lacey Grey,540
Bath Soft Cheese,140
Little Rydings,602
Cirrus,427
Bent River,164
LeonoraÂ®,585
Minger,701
ColoRouge,440
La Pyramide,522
Meredith Chevre Ash,676
Le Lacandou,573
Lincoln Log,592
PÃ©rail de Brebis,925
Mt Tam,752
Prix de Diane,907
Bufala Soldier,285
Accasciato,13
La Pyramide,522
Selles sur Cher,991
Brie au poivre (Brie with pepper),257
MouCo Truffello,738
Bent River,164
Sharpham Elmhirst,1003
Cana de Cabra,332
Bermuda Triangle,169
La Rumeur,524
Brousse du Rove,274
Capraricca,344
Bath Soft Cheese,140
Bucheret,282
Macconais,625
Cabecou,301
Cashew Nut Cream Cheese,369
Mt Tam,752
Bucheret,282
Paillot de ChÃ¨vre,777
Bent River,164
Civray,428
St Tola Ash Log,1055
Belle Creme,162
Mycella,762
La Rumeur,524
Caprice des Dieux,349
Barilotto,122
Amsterdammer (British Columbia),63
La Sauvagine,525
Bufala Soldier,285
MouCo Truffello,738
Cuor di burrata,505
La Tur,528
Marin French Triple CrÃ¨me,655
AmalthÃ©e,56
Brefu Bach,249
Cream Cheesy Bliss,480
Sonnet,1038
Buche de Chevre,281
Lincoln Log,592
Mycella,762
Accasciato,13
Pack Square,767
Buxton Blue,299
Little Dragon,600
Aged Chelsea,28
Buxton Blue,299
Plancherin d'ArÃªches,874
Brie de Portneuf Double Cream,261
Shepherd's Crook,1009
Barilotto,122
Largo,555
Brise du Matin,270
Bath Soft Cheese,140
Brie d'Alexis,258
Cremet,486
Marin French Triple CrÃ¨me,655
Bufala Soldier,285
Bix,184
Saga,928
Mirabo Brie with Walnut,703
Brie de Meaux,259
Seastack,989
Bath Soft Cheese,140
Brillat-Savarin,263
Castle Blue,374
La Rumeur,524
ChÃ¢teau de Versailles,422
Amsterdammer (British Columbia),63
La Pyramide,522
Moses Sleeper,734
Palet de Babligny,778
Casatica,367
Peekskill Pyramid,831
Cream Cheesy Bliss,480
Palet de Babligny,778
Snow Camp,1034
Snow Camp,1034
Brebirousse d'Argental,245
Minuet,702
Aisy Cendre,33
Brie de Meaux,259
Blue Earth,209
Paillot de ChÃ¨vre,777
Cirrus,427
Baby Brie,105
Shepherd's Crook,1009
Brebirousse d'Argental,245
Brise du Matin,270
Provel,911
Caravane,355
Brie,255
Le Double Joie,569
Lincoln Log,592
Brefu Bach,249
Le Reflet de Portneuf,577
Mt Tam,752
Abbaye de TamiÃ©,6
Aisy Cendre,33
Pianoforte,853
LeonoraÂ®,585
Blue Benedictine,205
Paniolo,781
Bath Soft Cheese,140
La Sauvagine,525
Brie de Melun,260
Mirabo Brie with Walnut,703
Casatica,367
Le Brebiou,563
Buchette d'Anjou,283
Le Brebiou,563
Mycella,762
Provel,911
Picolo,861
Bosworth,231
Brick Lane Bree,253
Banon,116
Sharpham,1002
ChÃ¢teau de Versailles,422
La Bonaparte,517
Blue Earth,209
Caws Penhelyg Abaty,382
Brillat-Savarin,263
Caravane,355
Pack Square,767
Blue Earth,209
Blue Earth,209
Macconais,625
Brie de Portneuf Double Cream,261
Cuor di burrata,505
Bougon,233
ColoRouge,440
Morcella,729
La Tur,528
Moses Sleeper,734
Milleens,696
Blue Benedictine,205
Milleens,696
Meredith Ashed Pyramids,674
Affidelice au Chablis,17
LeonoraÂ®,585
Saint AndrÃ©,932
Paniolo,781
Caravane,355
St Killian,1053
Bucheret,282
PÃ©rail de Brebis,925
Capraricca,344
Metronome,682
Sharpham,1002
Le Brebiou,563
Melange,669
Caravane,355
Buchette d'Anjou,283
Baby Brie,105
Brie Coco,256
MouCo Truffello,738
Mt Tam,752
Melange,669
Le Reflet de Portneuf,577
Melange,669
Cream Cheesy Bliss,480
Melange,669
Accasciato,13
MouCo Truffello,738
Buxton Blue,299
La Fleurie,520
Moses Sleeper,734
Pont l'Eveque,886
Moonlight Chaource,726
MouCo Truffello,738
Bufala Soldier,285
Sharpham,1002
Sharpham,1002
Chaumes,397
Minuet,702
Piper's Pyramide,869
Brie au poivre (Brie with pepper),257
Bix,184
Chavroux,398
Meredith Ashed Pyramids,674
Le Conquerant Demi Pont L'eveque,568
Peekskill Pyramid,831
Pierce Pt,864
Le Cendrillon,565
Mirabo Brie with Walnut,703
Chimney Rock,415
Lacey Grey,540
Affidelice au Chablis,17
President Brie,896
Sonnet,1038
Pont l'Eveque,886
La Sauvagine,525
Pont l'Eveque,886
President Brie,896
Le Brebiou,563
Buchette d'Anjou,283
Sharpham Elmhirst,1003
Sunset Bay,1093
Morcella,729
Brie Coco,256
Cremet,486
Lincoln Log,592
Moses Sleeper,734
Aspen Ash,95
Provel,911
Shamembert,998
Brie de Melun,260
Le Double Joie,569
Alpine Gold,50
Pierce Pt,864
La Sauvagine,525
Medallion,667
Caprice des Dieux,349
Melange,669
Accasciato,13
Moses Sleeper,734
Brise du Matin,270
Perlagrigia Sotto Cenere,846
Brie,255
Sharpham,1002
Amsterdammer (British Columbia),63
Le Double Joie,569
Pont l'Eveque,886
Brise du Matin,270
Mt Tam,752
President Brie,896
PÃ©rail de Brebis,925
Buxton Blue,299
Milawa Brie,692
Sharpham Elmhirst,1003
PÃ©rail de Brebis,925
Pecorino Erica,803
Canarejal,334
Primo Fresco,905
Pecorino Nel Granaio,810
Classico Riserva,431
Sheep Gouda,1007
Sheep Gouda,1007
Crotonese,494
Bad Axe,108
corra linn,1100
Pecorino Fiordaliso,804
Azeitao,104
Mastorazio,661
Pecorino al Pepe,821
Azeitao,104
Pecorino Papavero,813
Pecorino nel fieno,830
Classico Riserva,431
P'tit Basque,764
Shepherdista Crush,1011
Pecorino in Walnut Leaves,829
corra linn,1100
Pecorino di Sogliano,826
Pecorino Mallo di Noce,809
Pecorino Barba Del Passatore,798
Pecorino nel fieno,830
Canarejal,334
Pecorino Nero,811
Pecorino Nero,811
Pecorino Dei Malatesta Sotto Cenere,802
Pecorino Nero,811
Pecorino di Vigna,828
Pecorino Gelsomino,806
Pecorino Papavero,813
Bad Axe,108
Pecorino di Vigna,828
Berkswell,167
Classico Riserva,431
San Andreas,945
Pecorino al Tartufo,822
Chura Kampo,421
Balfour,113
Pecorino nel fieno,830
Calcagno,322
Brin d'Amour,267
Pecorino Fiordaliso,804
Azeitao,104
Pecorino nel fieno,830
Pepato,840
Pecorino Camomilla,800
Brebis du Lavort,247
Pecorino Dei Malatesta Sotto Cenere,802
PaÅ¡ki Sir (PDO),795
Pecorino,797
Pecorino di Talamello,827
Balfour,113
Azeitao,104
Bear Hill,146
Pecorino Foglie Noci,805
Balfour,113
Pecorino Foglie Noci,805
Pecorino Ortica,812
Chura Kampo,421
Pecorino Camomilla,800
Paglierino,776
Sbronzo,981
Pecorino Nero,811
Calcagno,322
Pecorino dei Monaci,825
Canarejal,334
Primo Fresco,905
Pecorino Nero,811
Pecorino alla Canapa,823
Pecorino Fiordaliso,804
Crotonese,494
Lanark White,550
Pecorino nel fieno,830
Pecorino allo Zafferano,824
Manchego,643
Canarejal,334
Pecorino Con Caglio Vegetale,801
Pecorino Pepato MiticaÂ® Aged,814
Pepato,840
Brin d'Amour,267
Ardi Gasna,83
Brebis du Lavort,247
Pecorino Ortica,812
Bufarolo,287
Brebis du Lavort,247
PaÅ¡ki Sir (PDO),795
PaÅ¡ki Sir (PDO),795
P'tit Basque,764
Baserri,133
Pecorino allo Zafferano,824
MalvarosaÂ®,641
Berkswell,167
San Andreas,945
Primo Fresco,905
Byaslag,300
Paglierino,776
P'tit Basque,764
Pecorino dei Monaci,825
Cratloe Hills,475
Pecorino Nero,811
Pecorino a Latte Crudo,820
Pecorino Camomilla,800
PaÅ¡ki Sir (PDO),795
Pecorino Pepato MiticaÂ® Aged,814
Pecorino Dei Malatesta Sotto Cenere,802
Bad Axe,108
Ardi Gasna,83
Baserri,133
Calcagno,322
Lo Sburrato,607
Brin d'Amour,267
Canarejal,334
Pecorino Barba Del Passatore,798
St James,1051
Pecorino di Vigna,828
Pecorino Ortica,812
Pecorino Erica,803
Balfour,113
Cratloe Hills,475
Canarejal,334
Pecorino Boccondilatte,799
Manchego,643
Pecorino,797
Caciobufala,311
Moringhello,732
Pepato,840
Pecorino Mallo di Noce,809
MalvarosaÂ®,641
Pecorino Pera,815
Pecorino Barba Del Passatore,798
Pecorino Con Caglio Vegetale,801
Pecorino Nero,811
Pecorino Gran Riserva Del Passatore,808
Bear Hill,146
MalvarosaÂ®,641
MalvarosaÂ®,641
Pecorino Camomilla,800
Mastorazio,661
Pecorino Nero,811
Sheep Gouda,1007
Pecorino Nero,811
Ardi Gasna,83
Lo Sburrato,607
Pecorino Nero,811
St James,1051
Bad Axe,108
Pecorino Toscanello,819
Primo Fresco,905
Lo Sburrato,607
Brin d'Amour,267
Pecorino Nero,811
Pecorino a Latte Crudo,820
Pecorino di Vigna,828
Pecorino Camomilla,800
Crotonese,494
Pecorino Mallo di Noce,809
Moringhello,732
Pecorino Erica,803
Pecorino Nero,811
Pecorino in Walnut Leaves,829
Pecorino Erica,803
Byaslag,300
Pecorino al Tartufo,822
Azeitao,104
Bad Axe,108
Pecorino Ginepro,807
Pecorino Mallo di Noce,809
Azeitao,104
Azeitao,104
Pecorino Foglie Noci,805
Ardi Gasna,83
Cinerino,426
Azeitao,104
Pecorino Fiordaliso,804
Pecorino Camomilla,800
Moringhello,732
Pecorino Toscanello,819
Moringhello,732
Pecorino Romagnolo,817
Pecorino Gelsomino,806
Sheep Gouda,1007
Pecorino Ginepro,807
Caws Cenarth Black Sheep,381
Pecorino al Pepe,821
Crotonese,494
Pecorino Romano,818
Pecorino Toscanello,819
Bufarolo,287
Cave Aged Marisa,378
San Andreas,945
Pecorino Mallo di Noce,809
Pecorino Toscanello,819
Bad Axe,108
Classico Pecorino Senese,430
Pecorino Mallo di Noce,809
Pecorino,797
Cinerino,426
Pecorino Querciaiolo,816
Cinerino,426
Classico Pecorino Senese,430
Pepato,840
Pecorino Erica,803
P'tit Basque,764
Pecorino alla Canapa,823
Pecorino al Tartufo,822
Ardi Gasna,83
Bufarolo,287
Pecorino Gran Riserva Del Passatore,808
Pecorino di Talamello,827
Cratloe Hills,475
Meira,668
Pecorino Barba Del Passatore,798
Berkswell,167
Cave Aged Marisa,378
Pecorino nel fieno,830
Azeitao,104
Ardi Gasna,83
Pecorino dei Monaci,825
Byaslag,300
Pecorino Romano,818
Pecorino a Latte Crudo,820
Moringhello,732
Brin d'Amour,267
Cinerino,426
Pecorino dei Monaci,825
Bad Axe,108
Classico Pecorino Senese,430
Crotonese,494
Pecorino Foglie Noci,805
P'tit Basque,764
Crotonese,494
Sheep Gouda,1007
Primo Fresco,905
Pecorino,797
Pecorino al Pepe,821
Cwmtawe Pecorino,509
Chura Kampo,421
Pecorino Pera,815
Pecorino Foglie Noci,805
PaÅ¡ki Sir (PDO),795
Pecorino Nel Granaio,810
Pecorino allo Zafferano,824
P'tit Basque,764
Pecorino Romagnolo,817
P'tit Basque,764
Calcagno,322
Montasio Vecchio,718
Benedictine,163
Processed Smoked Gouda,909
Blarney Castle,190
Brimstone,265
Alverca,54
Boeren-Leidse met sleutels,220
Moonglo,725
Aged Gouda,29
Coolea,453
LaClare Farms Evalon with Fenugreek,535
Aged Gouda,29
Shepsog,1012
Podhalanski,878
Blarney Castle,190
Crema Mexicana Agria,484
Peppercorn Gouda,843
Boeren-Leidse met sleutels,220
Midnight MoonÂ®,688
Picobello,859
Leyden,587
Podhalanski,878
Benedictine,163
Sancerre,948
Sancerre,948
Menage,671
Sancerre,948
Montasio Mezzano,717
Parrano,787
Shepsog,1012
Alverca,54
Montasio Mezzano,717
Avaxtskyr,102
Blarney Castle,190
Sweet Style Swiss,1097
Lamb Chopper,548
Bettine Grand Cru,172
Amarelo de Beira Baixa,57
Podhalanski,878
Bel Paese,160
Baladi,111
Moonglo,725
Aged Gouda,29
Podhalanski,878
Stella Goat,1070
Lyburn Gold,620
Baita Friuli,110
Menage,671
Criffel,491
LaClare Farms Evalon,533
Mont Saint-Francis,713
Amarelo de Beira Baixa,57
Aged Gouda,29
Asiago DOP,92
Mouse House Chilli Cheddar,743
Amarelo de Beira Baixa,57
Mouse House Chilli Cheddar,743
Sao Jorge,951
Bettine Grand Cru,172
Lyburn Gold,620
"Cremig Extra WÃ¼rzig, BergkÃ¤se Aus Dem Schweizer Jura",487
Sancerre,948
Bel Paese,160
Meyer Vintage Gouda,684
Benedictine,163
Sancerre,948
Leerdammer,580
Moonglo,725
Brimstone,265
Capricious,350
Podhalanski,878
Legacy,581
Consider Bardwell Farm Manchester,451
Benedictine,163
Maasdam,623
Shoreditch Smoked,1014
Stella Goat,1070
Baladi,111
Abbaye de Belval,4
Baita Friuli,110
Sao Jorge,951
Beemster Aged,153
Baita Friuli,110
Criffel,491
Criffel,491
Crema Mexicana Agria,484
Amul Gouda,66
Legacy,581
Clonmore,433
Avaxtskyr,102
Sweet Style Swiss,1097
Beemster Classic,154
"Cremig Extra WÃ¼rzig, BergkÃ¤se Aus Dem Schweizer Jura",487
Crema Mexicana Agria,484
Meyer Vintage Gouda,684
Boyne Valley BÃ¡n,241
Sancerre,948
LaClare Farms Evalon with Cummin,534
Lyburn Gold,620
Criffel,491
Shoreditch Smoked,1014
Menage,671
Alverca,54
Abbaye de Belval,4
Amul Gouda,66
Bel Paese,160
Carrowholly,366
Baladi,111
Benedictine,163
Leyden,587
Montasio Mezzano,717
Sao Jorge,951
Montasio Vecchio,718
Amarelo de Beira Baixa,57
Boyne Valley BÃ¡n,241
Benedictine,163
Lindale,594
Consider Bardwell Farm Manchester,451
LaClare Farms Evalon,533
Beemster Graskaas,156
Cow's Milk Gouda,472
Stella Goat,1070
Picobello,859
Clonmore,433
Shtayburne Farm Monterey Jack,1019
Leyden,587
Maasdam,623
Sancerre,948
Penbryn,837
Asiago DOP,92
Clonmore,433
Clonmore,433
Lyburn Gold,620
Coolea,453
Sancerre,948
Sancerre,948
Abbaye de Belval,4
Carrowholly,366
Sancerre,948
Alverca,54
Stella Asiago,1064
Carrowholly,366
Baladi,111
Sancerre,948
LaClare Farms Evalon with Cummin,534
Montasio Mezzano,717
Lyburn Gold,620
Brimstone,265
Picobello,859
Cow's Milk Gouda,472
Montasio Vecchio,718
Sancerre,948
Peppercorn Gouda,843
Montasio Vecchio,718
Beemster Classic,154
Lamb Chopper,548
Aged Gouda,29
Alverca,54
Penamellera,836
Picobello,859
Aged Gouda,29
Aged Gouda,29
Mouse House Chilli Cheddar,743
Abbaye de Belval,4
Bianco,175
Aged Gouda,29
Moonglo,725
Lyburn Gold,620
Cow's Milk Gouda,472
Stella Asiago,1064
Cow's Milk Gouda,472
St Tola Cranberry,1056
Parrano,787
Penamellera,836
Bettine Bleu,171
LaClare Farms Evalon with Fenugreek,535
Brimstone,265
St Tola Hard Cheese,1060
Stella Asiago,1064
Beemster Aged,153
Sweet Style Swiss,1097
Picobello,859
Stella Asiago,1064
Alverca,54
Black Betty,185
Picobello,859
LaClare Farms Evalon,533
Bianco,175
Smoked Gouda,1027
Bianco,175
Black Betty,185
Stella Goat,1070
Montasio Vecchio,718
Crema Mexicana Agria,484
Leerdammer,580
Lamb Chopper,548
Abbaye de Belval,4
Beemster Aged,153
Penbryn,837
Mont Saint-Francis,713
Boyne Valley BÃ¡n,241
Corleggy,456
Leyden,587
Avaxtskyr,102
Podhalanski,878
Aged Gouda,29
Abbaye de Belval,4
Meyer Vintage Gouda,684
Beemster Classic,154
St Tola Hard Cheese,1060
LaClare Farms Evalon with Cummin,534
Cow's Milk Gouda,472
Baladi,111
Bianco,175
Meyer Vintage Gouda,684
Alverca,54
Black Betty,185
Brimstone,265
Mouse House Chilli Cheddar,743
Crema Mexicana Agria,484
Brimstone,265
LaClare Farms Evalon,533
LaClare Farms Evalon with Fenugreek,535
Cahill's Whiskey Cheese,320
Bettine Grand Cru,172
Shtayburne Farm Monterey Jack,1019
Mouse House Chilli Cheddar,743
Criffel,491
Processed Smoked Gouda,909
Legacy,581
Crema Mexicana Agria,484
St Tola Cranberry,1056
Crema Mexicana Agria,484
Bel Paese,160
Blarney Castle,190
Meyer Vintage Gouda,684
Black Betty,185
Baita Friuli,110
Avaxtskyr,102
Smoked Gouda,1027
Bettine Bleu,171
Crema Mexicana Agria,484
Meyer Vintage Gouda,684
Saanenkaese,927
Sicilian Blend,1020
Piave Fresco,855
Briscola,269
Sartori Classic Cheese Parmesan,958
Barricato al Pepe,128
Cotija Cheese,464
Saanenkaese,927
Stella Parmesan & Romano Blend,1075
Chapman's Pasture,395
L'Amuse Signature Gouda,512
Bella Lodi,161
Bella Lodi,161
L'Ã‰tivaz,516
Spenwood,1044
Prima Donna forte,902
Saporito,953
L'Ã‰tivaz,516
AlpkÃ¤se,51
Cravero Parmigiano Reggiano,476
Spenwood,1044
Aged Cheddar,27
L'Ã‰tivaz,516
Sartori Classic Cheese Romano,959
Piave Mezzano,856
Prima Donna maturo,904
Aged Cheddar,27
Swaledale,1096
Cotija Cheese,464
Pleasant Ridge Reserve,876
Bleu Mont Dairy Bandaged Cheddar,195
Stella Parmesan & Romano Blend,1075
Cravero Parmigiano Reggiano,476
Sartori Classic Cheese Romano,959
Millstone,697
Sartori Reserve SarVecchio Parmesan,979
Parmesan,786
Stracchinata,1085
Sartori Classic Cheese Asiago,956
Piave,854
Swaledale,1096
Brownâ€™s Gulch,275
Briscola,269
Sartori Limited Edition Family Heirloom Parmesan,964
Serat,993
Sartori Classic Cheese Romano,959
Stella Kasseri,1073
Sicilian Blend,1020
Stella Parmesan,1074
AlpkÃ¤se,51
Prima Donna leggero,903
Serat,993
Baronerosso di Capra,126
Cotija Cheese,464
Beemster Extra Aged (XO),155
Saanenkaese,927
Canestrato,337
Anejo Enchilado,70
Millstone,697
Swaledale,1096
Bra Duro DOP,242
Scallion Onion Cheddar,982
Stella Parmesan & Romano Blend,1075
Beemster Extra Aged (XO),155
Mona,708
Spenwood,1044
Aged Cheddar,27
Comte,444
Piave,854
Sartori Limited Edition Family Heirloom Parmesan,964
Swaledale,1096
Baronerosso di Capra,126
Sartori Classic Cheese Romano,959
Barricato al Pepe,128
Sartori Limited Edition Family Heirloom Parmesan,964
Prima Donna fino,901
Bra Duro DOP,242
Cabot Clothbound,304
Prima Donna forte,902
Scallion Onion Cheddar,982
Saporito,953
Anejo Enchilado,70
Aged Cheddar,27
Auld Reekie,98
Stella Black Pepper Romano,1065
Sartori Classic Cheese Asiago,956
Anejo Enchilado,70
Stella Black Pepper Romano,1065
Piave Fresco,855
Canestrato,337
Mona,708
Sartori Classic Cheese Romano,959
Prima Donna,900
Bel Ceillo,159
Prima Donna forte,902
Bra Duro DOP,242
Piave Vecchio DOP,857
Sartori Reserve Chai BellaVitano,970
Briscola,269
Barricato al Pepe,128
Bra Duro DOP,242
L'Amuse Signature Gouda,512
Swaledale,1096
Stella Parmesan,1074
Saporito,953
Cotija Cheese,464
Brownâ€™s Gulch,275
Sartori Classic MontAmore,960
Canestrato,337
Sartori Limited Edition Family Heirloom Parmesan,964
Spenwood,1044
L'Ã‰tivaz,516
Mona,708
Millstone,697
Swaledale,1096
Swaledale,1096
Swaledale,1096
Sartori Classic MontAmore,960
Sardo,954
Piave Fresco,855
Briscola,269
Sartori Classic MontAmore,960
Abbaye de Timadeuc,7
Millstone,697
Baronerosso di Capra,126
Beemster Extra Aged (XO),155
L'Ã‰tivaz,516
Abbaye de Timadeuc,7
Sartori Classic Cheese Romano,959
Barricato al Pepe,128
L'Ã‰tivaz,516
Bella Lodi,161
Serat,993
Cabot Clothbound,304
Barricato al Pepe,128
Prima Donna fino,901
Prima Donna fino,901
Pleasant Ridge Reserve,876
Stracchinata,1085
Asiago dâ€™Allevo DOP,94
Sartori Classic Cheese Asiago,956
Saanenkaese,927
Stella Parmesan & Romano Blend,1075
Sardo,954
Piave,854
Baronerosso di Capra,126
Beemster Extra Aged (XO),155
Barricato al Pepe,128
Bleu Mont Dairy Bandaged Cheddar,195
Prima Donna,900
Pleasant Ridge Reserve,876
Sartori Reserve Chai BellaVitano,970
Stella Kasseri,1073
L'Amuse Signature Gouda,512
L'Ã‰tivaz,516
Prima Donna leggero,903
Prima Donna fino,901
Sartori Classic Cheese Romano,959
Saporito,953
Cravero Parmigiano Reggiano,476
Parmesan,786
Prima Donna fino,901
Abbaye de Timadeuc,7
Prima Donna fino,901
Prima Donna leggero,903
Sartori Limited Edition Family Heirloom Parmesan,964
Bra Duro DOP,242
AlpkÃ¤se,51
Abbaye de Timadeuc,7
Asiago dâ€™Allevo DOP,94
Mona,708
Stella Kasseri,1073
Bra Duro DOP,242
Saanenkaese,927
Parmesan,786
Beemster Extra Aged (XO),155
Briscola,269
Briscola,269
Mona,708
Sartori Classic Cheese Asiago,956
Swaledale,1096
Blissful Toppings,200
Serat,993
Piave Vecchio Selezione Oro,858
Saanenkaese,927
Sartori Reserve SarVecchio Parmesan,979
Sicilian Blend,1020
Piave Vecchio Selezione Oro,858
Anejo Enchilado,70
Piave Mezzano,856
Prima Donna leggero,903
L'Amuse Signature Gouda,512
Saanenkaese,927
Sartori Classic MontAmore,960
Briscola,269
Sartori Classic Cheese Parmesan,958
Piave Fresco,855
Prima Donna forte,902
Blissful Toppings,200
Piave Vecchio Selezione Oro,858
Baronerosso di Capra,126
Stracchinata,1085
Serat,993
Cravero Parmigiano Reggiano,476
Piave,854
Aged Cheddar,27
Sartori Classic Cheese Asiago,956
Sartori Classic MontAmore,960
Stella Parmesan,1074
Spenwood,1044
Auld Reekie,98
Piave,854
Piave,854
Sartori Classic Cheese Romano,959
Sartori Classic Cheese Romano,959
Comte,444
Piave Mezzano,856
Bella Lodi,161
Stella Parmesan & Romano Blend,1075
Stella Kasseri,1073
Piave,854
Millstone,697
Saanenkaese,927
Pleasant Ridge Reserve,876
Abbaye de Timadeuc,7
Stella Parmesan,1074
Parmesan,786
Stella Parmesan,1074
Sicilian Blend,1020
Blissful Toppings,200
Sardo,954
AlpkÃ¤se,51
Saanenkaese,927
Auld Reekie,98
Barricato al Pepe,128
Parmesan,786
Beemster Extra Aged (XO),155
Prima Donna leggero,903
Pleasant Ridge Reserve,876
Serat,993
Sartori Classic Cheese Asiago,956
Sartori Classic Cheese Romano,959
L'Ã‰tivaz,516
Briscola,269
Stracchinata,1085
Stella Black Pepper Romano,1065
Piave Vecchio Selezione Oro,858
Piave Vecchio Selezione Oro,858
L'Ã‰tivaz,516
Sardo,954
Pelardon des Corbieres,833
Cure Nantais,507
Cameo,330
Little Bloom on the Prairie,598
Legato,582
Manteca,647
Coeur de Camembert au Calvados,436
Coeur de Camembert au Calvados,436
McLaren,666
Selva,992
McLaren,666
Blythedale Camembert Vermontâ„¢,218
Loma Alta,611
Afuega'l Pitu,19
McLaren,666
PepBert,839
Striegistaler Zwerge Camembert,1088
Afuega'l Pitu,19
Little Bloom on the Prairie,598
President Camembert,897
Comox Camembert,443
Loma Alta,611
Miette,689
P'tit Berrichon,765
Pastoral,790
L'Ecir de l'Aubrac,514
Cure Nantais,507
Blythedale Camembert Vermontâ„¢,218
Siltcoos,1021
Camembert des Camarades,329
Little Bloom on the Prairie,598
Capriole Banon,352
Le Duc Vacherin,570
Bouyssou,240
Miette,689
Cranborne,474
Capriole Banon,352
MouCo Camembert,737
Afuega'l Pitu,19
Les Calendos,586
Pastoral,790
Camembert des Camarades,329
Cameo,330
SarrÃ³ de Cabra,955
Cranborne,474
Laura Chenel Taupiniere,559
Selva,992
Bouyssou,240
Afuega'l Pitu,19
Camembert de Normandie,328
Bouyssou,240
Pelardon des Corbieres,833
Le Duc Vacherin,570
MouCo Camembert,737
Sandy Creek,949
Cendre d'Olivet,386
Selva,992
Cranborne,474
Pithtiviers au Foin,872
Cure Nantais,507
Cameo,330
Cranborne,474
Manteca,647
Little Bloom on the Prairie,598
L'Ecir de l'Aubrac,514
Le Duc Vacherin,570
McLaren,666
MouCo Camembert,737
Miette,689
Pelardon des Corbieres,833
Cure Nantais,507
Acapella,12
Miette,689
Camembert des Camarades,329
Capriole Banon,352
McLaren,666
Acapella,12
Cameo,330
McLaren,666
Coeur de Camembert au Calvados,436
Laura Chenel Taupiniere,559
Cameo,330
SarrÃ³ de Cabra,955
SarrÃ³ de Cabra,955
President Camembert,897
Bridgewater,254
Pastoral,790
Camembert des Camarades,329
Capriole Banon,352
Cameo,330
Comox Camembert,443
Sandy Creek,949
President Camembert,897
Manteca,647
McLaren,666
Siltcoos,1021
SarrÃ³ de Cabra,955
Loma Alta,611
P'tit Berrichon,765
SarrÃ³ de Cabra,955
Acapella,12
SarrÃ³ de Cabra,955
Siltcoos,1021
Cranborne,474
Blythedale Camembert Vermontâ„¢,218
Acapella,12
Bridgewater,254
MouCo Camembert,737
Cranborne,474
P'tit Berrichon,765
Capriole Banon,352
Cure Nantais,507
Cure Nantais,507
MouCo Camembert,737
Cooleney,454
Pourly,891
Pourly,891
Bouyssou,240
PepBert,839
Siltcoos,1021
Manteca,647
Cure Nantais,507
Pelardon des Corbieres,833
Selva,992
Cooleney,454
Pourly,891
Camembert des Camarades,329
Loma Alta,611
Pastoral,790
Afuega'l Pitu,19
Camembert de Normandie,328
Pastoral,790
Pastoral,790
Les Calendos,586
PepBert,839
Coeur de Camembert au Calvados,436
Pastoral,790
Miette,689
President Camembert,897
Acapella,12
P'tit Berrichon,765
Cooleney,454
Blythedale Camembert Vermontâ„¢,218
Camembert de Normandie,328
Cameo,330
P'tit Berrichon,765
Capriole Banon,352
Siltcoos,1021
President Camembert,897
McLaren,666
Cure Nantais,507
Pourly,891
Pourly,891
McLaren,666
Comox Camembert,443
Afuega'l Pitu,19
Blythedale Camembert Vermontâ„¢,218
Siltcoos,1021
Laura Chenel Taupiniere,559
Afuega'l Pitu,19
Afuega'l Pitu,19
Pastoral,790
Manteca,647
Siltcoos,1021
Pourly,891
President Camembert,897
Acapella,12
Legato,582
Afuega'l Pitu,19
MouCo Camembert,737
Pourly,891
Camembert de Normandie,328
Pourly,891
Bouyssou,240
Coeur de Camembert au Calvados,436
Laura Chenel Taupiniere,559
Striegistaler Zwerge Camembert,1088
McLaren,666
Bridgewater,254
Sandy Creek,949
Camembert de Normandie,328
Loma Alta,611
Coeur de Camembert au Calvados,436
L'Ecir de l'Aubrac,514
President Camembert,897
Capriole Banon,352
Camembert de Normandie,328
L'Ecir de l'Aubrac,514
Pelardon des Corbieres,833
Blythedale Camembert Vermontâ„¢,218
Les Calendos,586
Selva,992
Legato,582
MouCo Camembert,737
Blythedale Camembert Vermontâ„¢,218
Legato,582
Les Calendos,586
Pourly,891
Camembert des Camarades,329
President Camembert,897
Le Duc Vacherin,570
Acapella,12
Coeur de Camembert au Calvados,436
Pastoral,790
Miette,689
Manteca,647
Pithtiviers au Foin,872
PepBert,839
SarrÃ³ de Cabra,955
Camembert des Camarades,329
L'Ecir de l'Aubrac,514
MouCo Camembert,737
Afuega'l Pitu,19
Acapella,12
Comox Camembert,443
Bridgewater,254
Siltcoos,1021
Pourly,891
Capriole Banon,352
SarrÃ³ de Cabra,955
Legato,582
L'Ecir de l'Aubrac,514
Blythedale Camembert Vermontâ„¢,218
Les Calendos,586
McLaren,666
President Camembert,897
McLaren,666
Coeur de Camembert au Calvados,436
Cameo,330
Selva,992
Striegistaler Zwerge Camembert,1088
Les Calendos,586
SarrÃ³ de Cabra,955
Miette,689
SarrÃ³ de Cabra,955
Miette,689
Pelardon des Corbieres,833
Le Duc Vacherin,570
Le Duc Vacherin,570
Afuega'l Pitu,19
SarrÃ³ de Cabra,955
L'Ecir de l'Aubrac,514
Selva,992
President Camembert,897
Bouyssou,240
President Camembert,897
Cranborne,474
Little Bloom on the Prairie,598
Les Calendos,586
Cameo,330
Bouyguette,239
PrÃ©sident Fresh Goat Cheese,918
Monet,711
Lemon Fetish,583
Castillon Frais,373
Saltbush Chevre,943
Bouyguette,239
St Tola Divine,1058
President Fat Free Feta,898
Shanklish,999
Lemon Fetish,583
Lemon Fetish,583
Sirene,1023
Saltbush Chevre,943
Barrel Aged Feta,127
Castillon Frais,373
Sirene,1023
Barambah Organics Marinated Feta,117
Sgt. Pepper,996
Saltbush Chevre,943
Allium Piper,40
Sirene,1023
Lemon Myrtle Chevre,584
Binnorie Marinated Fetta,182
Allium Piper,40
Stella Feta,1067
Saltbush Chevre,943
Ackawi,14
Lemon Myrtle Chevre,584
St Tola Divine,1058
Sgt. Pepper,996
Lemon Myrtle Chevre,584
Sleightlett,1024
Petit-Suisse,850
St Tola Greek Style,1059
St Tola Greek Style,1059
Crottin de Chavignol,496
Stella Feta,1067
Stella Feta,1067
Murazzano DOP,760
Monet,711
Monet,711
President Fat Free Feta,898
Lemon Myrtle Chevre,584
Shanklish,999
PrÃ©sident Fresh Goat Cheese,918
Sleightlett,1024
Barambah Organics Marinated Feta,117
Bianca,174
President Fat Free Feta,898
Bouyguette,239
Saltbush Chevre,943
Crottin de Champcol,495
Bouyguette,239
Phoebe,852
Barrel Aged Feta,127
Sleightlett,1024
Stella Feta,1067
Meredith Chevre Dill,677
Phoebe,852
St Tola Divine,1058
Crottin de Champcol,495
St Tola Divine,1058
Saltbush Chevre,943
Allium Piper,40
PrÃ©sident Fresh Goat Cheese,918
Stella Feta,1067
Monet,711
Stella Feta,1067
Bouyguette,239
Lemon Myrtle Chevre,584
Castillon Frais,373
Monet,711
Barambah Organics Marinated Feta,117
Meredith Chevre Dill,677
Petit-Suisse,850
Barrel Aged Feta,127
Phoebe,852
Castillon Frais,373
Barrel Aged Feta,127
Allium Piper,40
Binnorie Marinated Fetta,182
Sgt. Pepper,996
Crottin de Chavignol,496
Barrel Aged Feta,127
Sgt. Pepper,996
Phoebe,852
St Tola Divine,1058
Lemon Myrtle Chevre,584
Allium Piper,40
Crottin de Chavignol,496
Barrel Aged Feta,127
Meredith Chevre Dill,677
Murazzano DOP,760
Monet,711
Castillon Frais,373
Meredith Chevre Dill,677
Shanklish,999
Stella Feta,1067
Sleightlett,1024
Castillon Frais,373
Saltbush Chevre,943
Murazzano DOP,760
Lost Lake,614
Phoebe,852
Monet,711
Saltbush Chevre,943
Sirene,1023
St Tola Divine,1058
Sleightlett,1024
Stella Feta,1067
Stella Feta,1067
Stella Feta,1067
Lost Lake,614
Crottin de Champcol,495
Monet,711
Lost Lake,614
Ackawi,14
Sleightlett,1024
Bouyguette,239
Crottin de Champcol,495
Sirene,1023
Ackawi,14
Lemon Myrtle Chevre,584
Castillon Frais,373
Sirene,1023
Lemon Fetish,583
President Fat Free Feta,898
Petit-Suisse,850
Castillon Frais,373
Barambah Organics Marinated Feta,117
Barambah Organics Marinated Feta,117
Ackawi,14
St Tola Greek Style,1059
Bianca,174
Crottin de Chavignol,496
Bouyguette,239
St Tola Divine,1058
Crottin de Champcol,495
Stella Feta,1067
Bouyguette,239
Crottin de Champcol,495
Castillon Frais,373
Lemon Myrtle Chevre,584
Allium Piper,40
Ackawi,14
Murazzano DOP,760
Shanklish,999
Shanklish,999
Sirene,1023
Bianca,174
Barambah Organics Marinated Feta,117
Lemon Myrtle Chevre,584
Castillon Frais,373
Sgt. Pepper,996
St Tola Greek Style,1059
Barambah Organics Marinated Feta,117
Ackawi,14
Barambah Organics Marinated Feta,117
Bianca,174
Monet,711
Meredith Chevre Dill,677
Barambah Organics Marinated Feta,117
Ackawi,14
Bianca,174
St Tola Divine,1058
Shanklish,999
Meredith Chevre Dill,677
Bouyguette,239
St Tola Greek Style,1059
Crottin de Champcol,495
Monet,711
Monet,711
St Tola Divine,1058
Crottin de Chavignol,496
Stella Feta,1067
Lost Lake,614
President Fat Free Feta,898
Bouyguette,239
Petit-Suisse,850
PrÃ©sident Fresh Goat Cheese,918
Barrel Aged Feta,127
Bianca,174
Shanklish,999
Bouyguette,239
Lost Lake,614
Monet,711
Lemon Fetish,583
Barrel Aged Feta,127
Lost Lake,614
Bouyguette,239
St Tola Greek Style,1059
President Fat Free Feta,898
Sgt. Pepper,996
Stella Feta,1067
Allium Piper,40
Crottin de Chavignol,496
Lost Lake,614
Sleightlett,1024
Saltbush Chevre,943
Binnorie Marinated Fetta,182
Stella Feta,1067
Stella Feta,1067
Lemon Myrtle Chevre,584
Lemon Myrtle Chevre,584
PrÃ©sident Fresh Goat Cheese,918
Lemon Fetish,583
St Tola Divine,1058
Shanklish,999
Stella Feta,1067
Sleightlett,1024
Bouyguette,239
Ackawi,14
Ackawi,14
Sleightlett,1024
St Tola Greek Style,1059
Sleightlett,1024
PrÃ©sident Fresh Goat Cheese,918
Lost Lake,614
Crottin de Champcol,495
Barambah Organics Marinated Feta,117
Bouyguette,239
Binnorie Marinated Fetta,182
Castillon Frais,373
St Tola Greek Style,1059
Crottin de Champcol,495
Bianca,174
Ackawi,14
President Fat Free Feta,898
Crottin de Chavignol,496
Lemon Myrtle Chevre,584
Sirene,1023
Monet,711
St Tola Greek Style,1059
Sgt. Pepper,996
Sirene,1023
Crottin de Champcol,495
PrÃ©sident Fresh Goat Cheese,918
Petit-Suisse,850
Petit-Suisse,850
St Tola Divine,1058
PrÃ©sident Fresh Goat Cheese,918
Lemon Myrtle Chevre,584
Bouyguette,239
Allium Piper,40
Barambah Organics Marinated Feta,117
Petit-Suisse,850
Bianca,174
Petit-Suisse,850
Sirene,1023
Carboncino,356
LaClare Farms Martone,536
L'Affine Au Chablis,510
Cottage Cheese,466
Carlina,357
Laganory,542
Carboncino,356
Pule,920
LaClare Farms Chevre,532
Maroilles,657
Cottage Cheese,466
Cottage Cheese,466
Paneer,779
Laganory,542
Basket Cheese,136
Carlina,357
Paneer,779
Bandal,115
Langres,553
Laganory,542
Anthotyro Fresco,75
Paneer,779
Cottage Cheese (Australian),467
Bourdin Goat Log,237
Anthotyro Fresco,75
Laganory,542
Anneau du Vic-Bilh,71
Cottage Cheese (Australian),467
Pule,920
Langres,553
Cottage Cheese (Australian),467
Panela,780
La Taupiniere,527
Chhurpi,411
La Casatella,518
L'Affine Au Chablis,510
L'Affine Au Chablis,510
LaClare Farms Chevre,532
Cottage Cheese (Australian),467
Maroilles,657
LaClare Farms Martone,536
Panela,780
Bandal,115
Basket Molded Ricotta,137
LaClare Farms Chevre,532
Carboncino,356
Laganory,542
Carre de l'Est,363
Carboncino,356
Labneh,539
Basket Cheese,136
Panela,780
Crowdie,497
Labneh,539
Pule,920
Carre de l'Est,363
Pule,920
Laganory,542
Anthotyro Fresco,75
LaClare Farms Martone,536
L'Affine Au Chablis,510
Carboncino,356
Cottage Cheese (Australian),467
Carlina,357
L'Affine Au Chablis,510
Bandal,115
Crowdie,497
La Taupiniere,527
Basket Cheese,136
Labneh,539
Carlina,357
Basket Cheese,136
Anthotyro Fresco,75
Bourdin Goat Log,237
Langres,553
Chhurpi,411
Basket Cheese,136
Langres,553
Labneh,539
Pule,920
Cottage Cheese (Australian),467
Anthotyro Fresco,75
Chhurpi,411
Basket Cheese,136
Crowdie,497
La Casatella,518
L'Affine Au Chablis,510
Carlina,357
Crowdie,497
Maroilles,657
Panela,780
Carlina,357
Laganory,542
La Casatella,518
Crema Mexicana,483
Labneh,539
L'Affine Au Chablis,510
Laganory,542
Paneer,779
Pule,920
Panela,780
Crema Mexicana,483
Carre de l'Est,363
L'Affine Au Chablis,510
Crema Mexicana,483
Anneau du Vic-Bilh,71
Panela,780
Carboncino,356
Carre de l'Est,363
Paneer,779
Anneau du Vic-Bilh,71
Cottage Cheese (Australian),467
Carlina,357
Paneer,779
Cottage Cheese,466
LaClare Farms Chevre,532
La Taupiniere,527
Carlina,357
Bandal,115
Bandal,115
Anneau du Vic-Bilh,71
Basket Molded Ricotta,137
Chhurpi,411
Carboncino,356
Pule,920
Carre de l'Est,363
Carboncino,356
Carre de l'Est,363
Carlina,357
Cottage Cheese (Australian),467
Anthotyro Fresco,75
Anneau du Vic-Bilh,71
La Casatella,518
Maroilles,657
Maroilles,657
Paneer,779
Basket Molded Ricotta,137
Bandal,115
Cottage Cheese (Australian),467
Carlina,357
Langres,553
Bandal,115
Anneau du Vic-Bilh,71
Bandal,115
Basket Molded Ricotta,137
L'Affine Au Chablis,510
Crowdie,497
Bandal,115
Anneau du Vic-Bilh,71
Basket Molded Ricotta,137
Pule,920
Maroilles,657
Crowdie,497
Carboncino,356
Carre de l'Est,363
L'Affine Au Chablis,510
L'Affine Au Chablis,510
Pule,920
Chhurpi,411
Crema Mexicana,483
LaClare Farms Chevre,532
Carboncino,356
La Taupiniere,527
LaClare Farms Martone,536
Basket Cheese,136
Basket Molded Ricotta,137
Maroilles,657
Carboncino,356
Crema Mexicana,483
L'Affine Au Chablis,510
Cottage Cheese,466
Basket Cheese,136
Crema Mexicana,483
Carboncino,356
LaClare Farms Chevre,532
Langres,553
Anthotyro Fresco,75
Chhurpi,411
Crema Mexicana,483
Panela,780
Laganory,542
Bourdin Goat Log,237
Cottage Cheese (Australian),467
Cottage Cheese (Australian),467
LaClare Farms Martone,536
Cottage Cheese,466
Pule,920
Maroilles,657
Panela,780
Carboncino,356
Anneau du Vic-Bilh,71
Anneau du Vic-Bilh,71
Panela,780
Panela,780
LaClare Farms Martone,536
Crema Mexicana,483
Carre de l'Est,363
Bandal,115
Carboncino,356
Bourdin Goat Log,237
Carlina,357
Carre de l'Est,363
Basket Molded Ricotta,137
Anneau du Vic-Bilh,71
LaClare Farms Chevre,532
Chhurpi,411
Cottage Cheese (Australian),467
Paneer,779
L'Affine Au Chablis,510
Langres,553
Paneer,779
Carre de l'Est,363
LaClare Farms Martone,536
La Taupiniere,527
La Taupiniere,527
Pule,920
LaClare Farms Martone,536
Cottage Cheese (Australian),467
Carboncino,356
Anthotyro Fresco,75
Bandal,115
La Taupiniere,527
Basket Molded Ricotta,137
La Taupiniere,527
Paneer,779
La Taupiniere,527
La Taupiniere,527
Anthotyro Fresco,75
Anthotyro Fresco,75
Langres,553
Maroilles,657
Basket Molded Ricotta,137
Anneau du Vic-Bilh,71
Anneau du Vic-Bilh,71
LaClare Farms Chevre,532
Anthotyro Fresco,75
Laganory,542
Cottage Cheese (Australian),467
Pule,920
Bourdin Goat Log,237
Maroilles,657
Basket Cheese,136
Maroilles,657
Cottage Cheese,466
Paneer,779
La Taupiniere,527
Bourdin Goat Log,237
Paneer,779
Basket Molded Ricotta,137
LaClare Farms Martone,536
Caciocavallo Podolico Vetus,313
Scamorza,983
Mozzarellissima,749
Morlacco,733
Chontaleno,419
SottocenereÂ® al Tartufo,1040
Caciocavallo Podolico Vetus,313
Provolone Valpadana,916
Suffolk Punch,1089
Morlacco,733
Morlacco,733
SottocenereÂ® al Tartufo,1040
Caciobarricato,309
Chontaleno,419
Bierkase,177
St Tola Crottin,1057
SottocenereÂ® al Tartufo,1040
Barriquet,129
Mozzarella,746
Caciocavallo di Bufala,314
Barriquet,129
SottocenereÂ® al Tartufo,1040
Alta Badia,53
Mozzarella,746
St Tola Crottin,1057
Mozzarella,746
Provolone del Monaco,917
Montchevre Goat Cheese Log,719
Provoleta,913
Mozzarellissima,749
Mozzarellissima,749
Provolone Valpadana,916
Mozzarella,746
Suffolk Punch,1089
Scamorza,983
Bierkase,177
Caciocavallo,312
Provolone Valpadana,916
Caciocavallo Podolico Vetus,313
SottocenereÂ® al Tartufo,1040
Lebbene,579
Caciocavallo Podolico Vetus,313
Provolone Mandarino Gran Riserva,915
Caciobarricato,309
Mozzarella di Bufala DOP,748
Provolone Mandarino Gran Riserva,915
Lebbene,579
SottocenereÂ® al Tartufo,1040
Barriquet,129
Scamorza,983
Mozzarellissima,749
Caciocavallo Podolico Vetus,313
Mozzarella,746
Chontaleno,419
Mozzarellissima,749
Bierkase,177
Mozzarella di Bufala DOP,748
Provolone del Monaco,917
Caciobarricato,309
Provolone Mandarino Gran Riserva,915
Chontaleno,419
Caciobarricato,309
Barriquet,129
Caciocavallo di Bufala,314
St Tola Crottin,1057
Montchevre Goat Cheese Log,719
Caciobarricato,309
St Tola Crottin,1057
Provolone Mandarino Gran Riserva,915
Mozzarella,746
Barriquet,129
Montchevre Goat Cheese Log,719
Caciobarricato,309
Mozzarella di Bufala DOP,748
Provoleta,913
Mozzarellissima,749
Chontaleno,419
Mozzarella di Bufala DOP,748
Suffolk Punch,1089
Chontaleno,419
SottocenereÂ® al Tartufo,1040
Provoleta,913
Mozzarella (Australian),747
Provolone Mandarino Gran Riserva,915
Mozzarellissima,749
SottocenereÂ® al Tartufo,1040
Mozzarella (Australian),747
Lebbene,579
Mozzarellissima,749
Mozzarella (Australian),747
Alta Badia,53
Caciocavallo Podolico Vetus,313
Lebbene,579
Alta Badia,53
Mozzarella,746
Chontaleno,419
Morlacco,733
Provolone Valpadana,916
Provolone del Monaco,917
Chontaleno,419
Bierkase,177
Bierkase,177
Alta Badia,53
Caciocavallo,312
Montchevre Goat Cheese Log,719
Caciocavallo Podolico Vetus,313
Lebbene,579
Caciocavallo Podolico Vetus,313
Lebbene,579
Chontaleno,419
Mozzarella,746
Barriquet,129
Alta Badia,53
Provoleta,913
Suffolk Punch,1089
Suffolk Punch,1089
Caciocavallo,312
Bierkase,177
Mozzarella,746
Chontaleno,419
St Tola Crottin,1057
Bierkase,177
Alta Badia,53
Bierkase,177
Caciocavallo,312
Mozzarellissima,749
Mozzarella di Bufala DOP,748
Bierkase,177
Alta Badia,53
Caciocavallo,312
Suffolk Punch,1089
Mozzarella di Bufala DOP,748
Caciocavallo Podolico Vetus,313
Lebbene,579
Mozzarellissima,749
Mozzarellissima,749
Montchevre Goat Cheese Log,719
Mozzarella (Australian),747
Provolone Valpadana,916
Caciocavallo Podolico Vetus,313
Provolone del Monaco,917
Scamorza,983
Caciobarricato,309
Caciocavallo,312
Suffolk Punch,1089
Caciocavallo Podolico Vetus,313
Mozzarella (Australian),747
Mozzarellissima,749
Morlacco,733
Caciobarricato,309
Mozzarella (Australian),747
Caciocavallo Podolico Vetus,313
Provolone Valpadana,916
St Tola Crottin,1057
Barriquet,129
Montchevre Goat Cheese Log,719
Mozzarella (Australian),747
SottocenereÂ® al Tartufo,1040
Caciocavallo di Bufala,314
Mozzarella,746
Mozzarella,746
Scamorza,983
Morlacco,733
Suffolk Punch,1089
Caciocavallo Podolico Vetus,313
Alta Badia,53
Alta Badia,53
Scamorza,983
Mozzarella (Australian),747
Lebbene,579
Bierkase,177
Caciocavallo Podolico Vetus,313
Caciocavallo di Bufala,314
Chontaleno,419
Lebbene,579
Caciocavallo,312
Alta Badia,53
Provolone Valpadana,916
Montchevre Goat Cheese Log,719
Mozzarella,746
Mozzarellissima,749
St Tola Crottin,1057
Lebbene,579
Scamorza,983
Provolone del Monaco,917
Provolone del Monaco,917
Scamorza,983
Mozzarella,746
Caciocavallo Podolico Vetus,313
Barriquet,129
Bierkase,177
Provolone del Monaco,917
Caciocavallo,312
Provolone del Monaco,917
Provolone del Monaco,917
Provolone del Monaco,917
Barriquet,129
Barriquet,129
St Tola Crottin,1057
Suffolk Punch,1089
Caciocavallo,312
Alta Badia,53
Alta Badia,53
Provolone Valpadana,916
Barriquet,129
SottocenereÂ® al Tartufo,1040
Mozzarella,746
Caciocavallo di Bufala,314
Suffolk Punch,1089
Caciobarricato,309
Suffolk Punch,1089
Morlacco,733
Provolone del Monaco,917
Caciocavallo di Bufala,314
Caciocavallo,312
Scamorza,983
Barriquet,129
Caciocavallo di Bufala,314
St Tola Crottin,1057
Morlacco,733
Provoleta,913
Provoleta,913
Alta Badia,53
Lebbene,579
Caciocavallo di Bufala,314
Provoleta,913
Bierkase,177
Scamorza,983
Caciobarricato,309
Provolone Valpadana,916
Bierkase,177
Provolone Valpadana,916
Scamorza,983
Caciocavallo Podolico Vetus,313
Scamorza,983
Lebbene,579
Alta Badia,53
Chontaleno,419
Caciocavallo Podolico Vetus,313
Provolone Mandarino Gran Riserva,915
Chontaleno,419
Alta Badia,53
Morlacco,733
Provolone Mandarino Gran Riserva,915
Suffolk Punch,1089
Montchevre Goat Cheese Log,719
Bierkase,177
Caciocavallo Podolico Vetus,313
Provoleta,913
Provoleta,913
La Vache Qui Rit cheese,529
Sourire Lozerien,1042
Mont St-BenoÃ®t,714
Lacy Swiss,541
La Vache Qui Rit cheese,529
Swiss cheese,1098
Mont St-BenoÃ®t,714
Mont St-BenoÃ®t,714
Baby Swiss,106
Lacy Swiss,541
Ascutney Mountain,90
Amul Emmental,65
Pawlet,794
Brick,252
Amul Emmental,65
Affineur Walo Rotwein SennechÃ¤s,18
Pawlet,794
Pawlet,794
St Gall,1050
Marble Cheese,650
St FidÃ¨le Swiss,1049
Sourire Lozerien,1042
Sourire Lozerien,1042
Swiss cheese,1098
Pawlet,794
Ascutney Mountain,90
Boo Boo Baby Swiss,228
Swiss cheese,1098
La Vache Qui Rit cheese,529
Lappi,554
La Vache Qui Rit cheese,529
Stella Swiss,1078
Baby Swiss,106
Prairie Rose,893
Stella Swiss,1078
Lappi,554
Amul Emmental,65
Sourire Lozerien,1042
La Vache Qui Rit cheese,529
Pawlet,794
Lacy Swiss,541
Sourire Lozerien,1042
Ascutney Mountain,90
Prairie Rose,893
St Gall,1050
Baby Swiss,106
Stella Swiss,1078
Lacy Swiss,541
Baby Swiss,106
Amul Emmental,65
Brick,252
Marble Cheese,650
Baby Swiss,106
Stella Swiss,1078
Pawlet,794
Amul Emmental,65
Marble Cheese,650
Baby Swiss,106
Prairie Rose,893
St FidÃ¨le Swiss,1049
Sourire Lozerien,1042
Lacy Swiss,541
Prairie Rose,893
Lacy Swiss,541
St FidÃ¨le Swiss,1049
Pleasant Creek,875
Stella Swiss,1078
Sourire Lozerien,1042
Pleasant Creek,875
Lappi,554
Sourire Lozerien,1042
Pleasant Creek,875
Affineur Walo Rotwein SennechÃ¤s,18
La Vache Qui Rit cheese,529
Lappi,554
Affineur Walo Rotwein SennechÃ¤s,18
Pawlet,794
Lacy Swiss,541
Mont St-BenoÃ®t,714
Swiss cheese,1098
St Gall,1050
Lacy Swiss,541
Ascutney Mountain,90
Ascutney Mountain,90
Affineur Walo Rotwein SennechÃ¤s,18
Boo Boo Baby Swiss,228
Marble Cheese,650
La Vache Qui Rit cheese,529
Lappi,554
La Vache Qui Rit cheese,529
Lappi,554
Lacy Swiss,541
Pawlet,794
Amul Emmental,65
Affineur Walo Rotwein SennechÃ¤s,18
St FidÃ¨le Swiss,1049
Boo Boo Baby Swiss,228
Ascutney Mountain,90
Pawlet,794
Lacy Swiss,541
Ascutney Mountain,90
Affineur Walo Rotwein SennechÃ¤s,18
Ascutney Mountain,90
Boo Boo Baby Swiss,228
Sourire Lozerien,1042
Prairie Rose,893
Ascutney Mountain,90
Affineur Walo Rotwein SennechÃ¤s,18
Boo Boo Baby Swiss,228
Prairie Rose,893
La Vache Qui Rit cheese,529
Lappi,554
Sourire Lozerien,1042
Sourire Lozerien,1042
Marble Cheese,650
Pleasant Creek,875
Swiss cheese,1098
La Vache Qui Rit cheese,529
St Gall,1050
Baby Swiss,106
Boo Boo Baby Swiss,228
La Vache Qui Rit cheese,529
Pleasant Creek,875
Sourire Lozerien,1042
Mont St-BenoÃ®t,714
Baby Swiss,106
Pleasant Creek,875
La Vache Qui Rit cheese,529
Swiss cheese,1098
Amul Emmental,65
Marble Cheese,650
Pleasant Creek,875
Brick,252
Pawlet,794
Pawlet,794
Mont St-BenoÃ®t,714
La Vache Qui Rit cheese,529
Affineur Walo Rotwein SennechÃ¤s,18
Affineur Walo Rotwein SennechÃ¤s,18
Pleasant Creek,875
Lappi,554
Ascutney Mountain,90
La Vache Qui Rit cheese,529
Brick,252
Lacy Swiss,541
Lappi,554
Boo Boo Baby Swiss,228
Affineur Walo Rotwein SennechÃ¤s,18
Swiss cheese,1098
Marble Cheese,650
Pawlet,794
Sourire Lozerien,1042
Lappi,554
St Gall,1050
St Gall,1050
Pawlet,794
La Vache Qui Rit cheese,529
Amul Emmental,65
Ascutney Mountain,90
St Gall,1050
Boo Boo Baby Swiss,228
St Gall,1050
St Gall,1050
St Gall,1050
Amul Emmental,65
Amul Emmental,65
Boo Boo Baby Swiss,228
Affineur Walo Rotwein SennechÃ¤s,18
Affineur Walo Rotwein SennechÃ¤s,18
Swiss cheese,1098
Amul Emmental,65
Pawlet,794
Brick,252
Baby Swiss,106
Mont St-BenoÃ®t,714
St Gall,1050
Brick,252
Boo Boo Baby Swiss,228
Amul Emmental,65
Brick,252
Mont St-BenoÃ®t,714
St FidÃ¨le Swiss,1049
St FidÃ¨le Swiss,1049
Affineur Walo Rotwein SennechÃ¤s,18
Lappi,554
Brick,252
St FidÃ¨le Swiss,1049
Ascutney Mountain,90
Baby Swiss,106
Swiss cheese,1098
Ascutney Mountain,90
Swiss cheese,1098
La Vache Qui Rit cheese,529
Lappi,554
Affineur Walo Rotwein SennechÃ¤s,18
Lacy Swiss,541
La Vache Qui Rit cheese,529
Stella Swiss,1078
Lacy Swiss,541
Affineur Walo Rotwein SennechÃ¤s,18
Mont St-BenoÃ®t,714
Stella Swiss,1078
Marble Cheese,650
Ascutney Mountain,90
La Vache Qui Rit cheese,529
St FidÃ¨le Swiss,1049
St FidÃ¨le Swiss,1049
St Gall,1050
Amul Emmental,65
Affineur Walo Rotwein SennechÃ¤s,18
St FidÃ¨le Swiss,1049
Pawlet,794
Boo Boo Baby Swiss,228
Boo Boo Baby Swiss,228
Lappi,554
Lappi,554
Ascutney Mountain,90
Swiss cheese,1098
St FidÃ¨le Swiss,1049
St FidÃ¨le Swiss,1049
Ascutney Mountain,90
Affineur Walo Rotwein SennechÃ¤s,18
Mont St-BenoÃ®t,714
St Gall,1050
Lacy Swiss,541
Baby Swiss,106
Brick,252
Lacy Swiss,541
Ascutney Mountain,90
St FidÃ¨le Swiss,1049
Ascutney Mountain,90
Stella Swiss,1078
Prairie Rose,893
Stella Swiss,1078
Amul Emmental,65
Ascutney Mountain,90
St FidÃ¨le Swiss,1049
Lappi,554
Baby Swiss,106
Affineur Walo Rotwein SennechÃ¤s,18
Baby Swiss,106
Affineur Walo Rotwein SennechÃ¤s,18
Prairie Rose,893
St FidÃ¨le Swiss,1049
Lacy Swiss,541
La Vache Qui Rit cheese,529
Ascutney Mountain,90
St Gall,1050
Affineur Walo Rotwein SennechÃ¤s,18
St FidÃ¨le Swiss,1049
Classics Fresh Mozzarella,432
Beehive Fresh,151
Paesanella Cherry Bocconcini,772
Smoked Fior Di Latte,1026
Paesanella Buffalo Mozzarella,769
Meredith Chevre Plain,678
Paesanella Cherry Bocconcini,772
Beemster 2% Milk,152
Classics Fresh Mozzarella,432
Paesanella Bocconcini,768
Bassigny au porto,138
Classics Fresh Mozzarella,432
Paesanella Buffalo Mozzarella,769
Paesanella Buffalo Mozzarella,769
Meredith Chevre Plain,678
Beemster 2% Milk,152
Beehive Fresh,151
Meredith Chevre Plain,678
Meredith Chevre Plain,678
Bassigny au porto,138
Burrata,290
Beemster 2% Milk,152
Aphrodite Goat Milk Halloumi,76
Meredith Chevre Plain,678
Paesanella Burrata,771
Shredded Bliss,1016
Burrata,290
Aphrodite Goat Milk Halloumi,76
Paesanella Burrata,771
Beemster 2% Milk,152
Amul Pizza Mozzarella Cheese,67
Paesanella Burrata,771
Paesanella Bocconcini,768
Burrata,290
Paesanella Cherry Bocconcini,772
Paesanella Burrata,771
Meredith Goat Cheese in Extra Virgin Olive Oil,679
Amul Pizza Mozzarella Cheese,67
Paesanella Buffalo Mozzarella,769
Paesanella Buffalo Mozzarella,769
Smoked Fior Di Latte,1026
Paesanella Bocconcini,768
Paesanella Burrata,771
Paesanella Burrata,771
Smoked Fior Di Latte,1026
Shredded Bliss,1016
Shredded Bliss,1016
Smoked Fior Di Latte,1026
Shredded Bliss,1016
Bassigny au porto,138
Paesanella Burrata,771
Classics Fresh Mozzarella,432
Beehive Fresh,151
Meredith Goat Cheese in Extra Virgin Olive Oil,679
Bassigny au porto,138
Beemster 2% Milk,152
Bassigny au porto,138
Classics Fresh Mozzarella,432
Beemster 2% Milk,152
Meredith Goat Cheese in Extra Virgin Olive Oil,679
Classics Fresh Mozzarella,432
Aphrodite Goat Milk Halloumi,76
Beehive Fresh,151
Meredith Goat Cheese in Extra Virgin Olive Oil,679
Paesanella Burrata,771
Shredded Bliss,1016
Aphrodite Goat Milk Halloumi,76
Paesanella Bocconcini,768
Meredith Goat Cheese in Extra Virgin Olive Oil,679
Paesanella Bocconcini,768
Beemster 2% Milk,152
Aphrodite Goat Milk Halloumi,76
Beehive Fresh,151
Paesanella Burrata,771
Smoked Fior Di Latte,1026
Paesanella Burrata,771
Classics Fresh Mozzarella,432
Paesanella Burrata,771
Paesanella Cherry Bocconcini,772
Meredith Chevre Plain,678
Smoked Fior Di Latte,1026
Bassigny au porto,138
Shredded Bliss,1016
Amul Pizza Mozzarella Cheese,67
Beehive Fresh,151
Aphrodite Goat Milk Halloumi,76
Meredith Chevre Plain,678
Beehive Fresh,151
Aphrodite Goat Milk Halloumi,76
Shredded Bliss,1016
Burrata,290
Burrata,290
Paesanella Bocconcini,768
Beehive Fresh,151
Burrata,290
Paesanella Cherry Bocconcini,772
Smoked Fior Di Latte,1026
Aphrodite Goat Milk Halloumi,76
Paesanella Bocconcini,768
Paesanella Burrata,771
Aphrodite Goat Milk Halloumi,76
Paesanella Bocconcini,768
Shredded Bliss,1016
Beehive Fresh,151
Shredded Bliss,1016
Smoked Fior Di Latte,1026
Smoked Fior Di Latte,1026
Meredith Chevre Plain,678
Shredded Bliss,1016
Classics Fresh Mozzarella,432
Paesanella Burrata,771
Meredith Goat Cheese in Extra Virgin Olive Oil,679
Shredded Bliss,1016
Meredith Chevre Plain,678
Beemster 2% Milk,152
Paesanella Cherry Bocconcini,772
Aphrodite Goat Milk Halloumi,76
Smoked Fior Di Latte,1026
Beemster 2% Milk,152
Meredith Chevre Plain,678
Paesanella Bocconcini,768
Meredith Goat Cheese in Extra Virgin Olive Oil,679
Paesanella Burrata,771
Paesanella Burrata,771
Paesanella Burrata,771
Paesanella Cherry Bocconcini,772
Meredith Goat Cheese in Extra Virgin Olive Oil,679
Paesanella Cherry Bocconcini,772
Smoked Fior Di Latte,1026
Paesanella Cherry Bocconcini,772
Amul Pizza Mozzarella Cheese,67
Meredith Goat Cheese in Extra Virgin Olive Oil,679
Classics Fresh Mozzarella,432
Meredith Goat Cheese in Extra Virgin Olive Oil,679
Meredith Chevre Plain,678
Amul Pizza Mozzarella Cheese,67
Paesanella Burrata,771
Meredith Chevre Plain,678
Meredith Chevre Plain,678
Smoked Fior Di Latte,1026
Paesanella Buffalo Mozzarella,769
Bassigny au porto,138
Amul Pizza Mozzarella Cheese,67
Meredith Chevre Plain,678
Bassigny au porto,138
Bassigny au porto,138
Amul Pizza Mozzarella Cheese,67
Paesanella Buffalo Mozzarella,769
Beemster 2% Milk,152
Paesanella Bocconcini,768
Classics Fresh Mozzarella,432
Paesanella Bocconcini,768
Meredith Goat Cheese in Extra Virgin Olive Oil,679
Paesanella Burrata,771
Classics Fresh Mozzarella,432
Meredith Goat Cheese in Extra Virgin Olive Oil,679
Meredith Chevre Plain,678
Paesanella Burrata,771
Aphrodite Goat Milk Halloumi,76
Amul Pizza Mozzarella Cheese,67
Classics Fresh Mozzarella,432
Classics Fresh Mozzarella,432
Shredded Bliss,1016
Meredith Chevre Plain,678
Beemster 2% Milk,152
Bassigny au porto,138
Paesanella Burrata,771
Meredith Chevre Plain,678
Burrata,290
Paesanella Buffalo Mozzarella,769
Bassigny au porto,138
Amul Pizza Mozzarella Cheese,67
Bassigny au porto,138
Beemster 2% Milk,152
Smoked Fior Di Latte,1026
Shredded Bliss,1016
Bassigny au porto,138
Amul Pizza Mozzarella Cheese,67
Beemster 2% Milk,152
Paesanella Bocconcini,768
Classics Fresh Mozzarella,432
Smoked Fior Di Latte,1026
Shredded Bliss,1016
Classics Fresh Mozzarella,432
Paesanella Buffalo Mozzarella,769
Meredith Goat Cheese in Extra Virgin Olive Oil,679
Smoked Fior Di Latte,1026
Smoked Fior Di Latte,1026
Paesanella Bocconcini,768
Paesanella Bocconcini,768
Paesanella Burrata,771
Paesanella Cherry Bocconcini,772
Bassigny au porto,138
Smoked Fior Di Latte,1026
Classics Fresh Mozzarella,432
Amul Pizza Mozzarella Cheese,67
Beehive Fresh,151
Paesanella Cherry Bocconcini,772
Beehive Fresh,151
Shredded Bliss,1016
Beemster 2% Milk,152
Classics Fresh Mozzarella,432
Classics Fresh Mozzarella,432
Paesanella Cherry Bocconcini,772
Smoked Fior Di Latte,1026
Paesanella Buffalo Mozzarella,769
Paesanella Cherry Bocconcini,772
Beehive Fresh,151
Paesanella Cherry Bocconcini,772
Classics Fresh Mozzarella,432
Paesanella Buffalo Mozzarella,769
Bassigny au porto,138
Burrata,290
Paesanella Burrata,771
Aphrodite Goat Milk Halloumi,76
Paesanella Bocconcini,768
Paesanella Cherry Bocconcini,772
Shredded Bliss,1016
Meredith Goat Cheese in Extra Virgin Olive Oil,679
Beemster 2% Milk,152
Burrata,290
Paesanella Burrata,771
Paesanella Burrata,771
Paesanella Burrata,771
Paesanella Burrata,771
Beehive Fresh,151
Shredded Bliss,1016
Shredded Bliss,1016
Paesanella Buffalo Mozzarella,769
Paesanella Bocconcini,768
Classics Fresh Mozzarella,432
Paesanella Burrata,771
Meredith Goat Cheese in Extra Virgin Olive Oil,679
Classics Fresh Mozzarella,432
Shredded Bliss,1016
Amul Pizza Mozzarella Cheese,67
Amul Pizza Mozzarella Cheese,67
Meredith Goat Cheese in Extra Virgin Olive Oil,679
Paesanella Buffalo Mozzarella,769
Shredded Bliss,1016
Meredith Goat Cheese in Extra Virgin Olive Oil,679
Beehive Fresh,151
Paesanella Cherry Bocconcini,772
Meredith Goat Cheese in Extra Virgin Olive Oil,679
Bassigny au porto,138
Classics Fresh Mozzarella,432
Burrata,290
Meredith Chevre Plain,678
Paesanella Buffalo Mozzarella,769
Meredith Goat Cheese in Extra Virgin Olive Oil,679
Mascares,659
Comtomme,447
Saint Albray,931
Stoney Cross,1084
Pizy,873
Milawa Goats Tomme,693
Saint Albray,931
Lou Pevre,617
Mascares,659
Perroche,847
Carmody,359
Mascares,659
Pizy,873
Pizy,873
Milawa Goats Tomme,693
Lou Pevre,617
Comtomme,447
Milawa Goats Tomme,693
Milawa Goats Tomme,693
Carmody,359
Maggie's Round,635
Lou Pevre,617
Bruder Basil,276
Milawa Goats Tomme,693
Prairie Tomme,894
Saint Nectaire,935
Maggie's Round,635
Bruder Basil,276
Prairie Tomme,894
Lou Pevre,617
Appalachian,77
Prairie Tomme,894
Perroche,847
Maggie's Round,635
Saint Albray,931
Prairie Tomme,894
Pelardon des Cevennes,832
Appalachian,77
Pizy,873
Pizy,873
Stoney Cross,1084
Perroche,847
Prairie Tomme,894
Prairie Tomme,894
Stoney Cross,1084
Saint Nectaire,935
Saint Nectaire,935
Stoney Cross,1084
Saint Nectaire,935
Carmody,359
Prairie Tomme,894
Mascares,659
Comtomme,447
Pelardon des Cevennes,832
Carmody,359
Lou Pevre,617
Carmody,359
Mascares,659
Lou Pevre,617
Pelardon des Cevennes,832
Mascares,659
Bruder Basil,276
Comtomme,447
Pelardon des Cevennes,832
Prairie Tomme,894
Saint Nectaire,935
Bruder Basil,276
Perroche,847
Pelardon des Cevennes,832
Perroche,847
Lou Pevre,617
Bruder Basil,276
Comtomme,447
Prairie Tomme,894
Stoney Cross,1084
Prairie Tomme,894
Mascares,659
Prairie Tomme,894
Saint Albray,931
Milawa Goats Tomme,693
Stoney Cross,1084
Carmody,359
Saint Nectaire,935
Appalachian,77
Comtomme,447
Bruder Basil,276
Milawa Goats Tomme,693
Comtomme,447
Bruder Basil,276
Saint Nectaire,935
Maggie's Round,635
Maggie's Round,635
Perroche,847
Comtomme,447
Maggie's Round,635
Saint Albray,931
Stoney Cross,1084
Bruder Basil,276
Perroche,847
Prairie Tomme,894
Bruder Basil,276
Perroche,847
Saint Nectaire,935
Comtomme,447
Saint Nectaire,935
Stoney Cross,1084
Stoney Cross,1084
Milawa Goats Tomme,693
Saint Nectaire,935
Mascares,659
Prairie Tomme,894
Pelardon des Cevennes,832
Saint Nectaire,935
Milawa Goats Tomme,693
Lou Pevre,617
Saint Albray,931
Bruder Basil,276
Stoney Cross,1084
Lou Pevre,617
Milawa Goats Tomme,693
Perroche,847
Pelardon des Cevennes,832
Prairie Tomme,894
Prairie Tomme,894
Prairie Tomme,894
Saint Albray,931
Pelardon des Cevennes,832
Saint Albray,931
Stoney Cross,1084
Saint Albray,931
Appalachian,77
Pelardon des Cevennes,832
Mascares,659
Pelardon des Cevennes,832
Milawa Goats Tomme,693
Appalachian,77
Prairie Tomme,894
Milawa Goats Tomme,693
Milawa Goats Tomme,693
Stoney Cross,1084
Pizy,873
Carmody,359
Appalachian,77
Milawa Goats Tomme,693
Carmody,359
Carmody,359
Appalachian,77
Pizy,873
Lou Pevre,617
Perroche,847
Mascares,659
Perroche,847
Pelardon des Cevennes,832
Prairie Tomme,894
Mascares,659
Pelardon des Cevennes,832
Milawa Goats Tomme,693
Prairie Tomme,894
Bruder Basil,276
Appalachian,77
Mascares,659
Mascares,659
Saint Nectaire,935
Milawa Goats Tomme,693
Lou Pevre,617
Carmody,359
Prairie Tomme,894
Milawa Goats Tomme,693
Maggie's Round,635
Pizy,873
Carmody,359
Appalachian,77
Carmody,359
Lou Pevre,617
Stoney Cross,1084
Saint Nectaire,935
Carmody,359
Appalachian,77
Lou Pevre,617
Perroche,847
Mascares,659
Stoney Cross,1084
Saint Nectaire,935
Mascares,659
Pizy,873
Pelardon des Cevennes,832
Stoney Cross,1084
Stoney Cross,1084
Perroche,847
Perroche,847
Prairie Tomme,894
Saint Albray,931
Carmody,359
Stoney Cross,1084
Mascares,659
Appalachian,77
Comtomme,447
Saint Albray,931
Comtomme,447
Saint Nectaire,935
Lou Pevre,617
Mascares,659
Mascares,659
Saint Albray,931
Stoney Cross,1084
Pizy,873
Saint Albray,931
Comtomme,447
Saint Albray,931
Mascares,659
Pizy,873
Carmody,359
Maggie's Round,635
Prairie Tomme,894
Bruder Basil,276
Perroche,847
Saint Albray,931
Saint Nectaire,935
Pelardon des Cevennes,832
Lou Pevre,617
Maggie's Round,635
Prairie Tomme,894
Prairie Tomme,894
Prairie Tomme,894
Prairie Tomme,894
Comtomme,447
Saint Nectaire,935
Saint Nectaire,935
Pizy,873
Perroche,847
Mascares,659
Prairie Tomme,894
Pelardon des Cevennes,832
Mascares,659
Saint Nectaire,935
Appalachian,77
Appalachian,77
Pelardon des Cevennes,832
Pizy,873
Saint Nectaire,935
Pelardon des Cevennes,832
Comtomme,447
Saint Albray,931
Pelardon des Cevennes,832
Carmody,359
Mascares,659
Maggie's Round,635
Milawa Goats Tomme,693
Pizy,873
Pelardon des Cevennes,832
